id,motivo,title
"16323","alcohol","Espumante Baron B Extra Brut 750ml Caja x6"
"16324","alcohol","Espumante Baron B Brut Nature 750ml Caja x6"
"16331","alcohol","Espumante Chandon Delice 750ml Caja x6"
"16332","alcohol","Espumante Chandon Apéritif 750ml Caja x6"
"16333","alcohol","Espumante Chandon Brut Nature 750ml"
"16334","alcohol","Espumante Chandon Cuvee Reserve Blanc de Noirs 750ml"
"16402","alcohol","ARAUCANA MALBEC CAJA X6"
"16403","alcohol","ARAUCANA RIO DE LOS CIERVOS MALBEC CAJA X6"
"16420","alcohol","Espumante Chandon Cuvee Reserve Blanc de Blancs 750ml Caja x6"
"16698","alcohol","CUCHILLO DE PALO MALBEC CAJA X6"
"16699","alcohol","CUCHILLO DE PALO CABERNET FRANC CAJA X6"
"16700","cuchillo","CUCHILLO DE PALO CORTE DE BLANCAS CAJA X6"
"16701","alcohol","CUCHILLO DE PALO ROSE DE PINOT CAJA X6"
"16792","alcohol","CASA DE HERRERO MALBEC CAJA X6"
"16793","alcohol","CASA DE HERRERO CABERNET FRANC CAJA X6"
"16796","alcohol","OJO DE BUEN CUBERO MALBEC CAJA X6"
"17493","alcohol","Casa Boher Gran Chardonnay"
"17496","alcohol","Casa Boher Malbec San Pablo"
"17498","alcohol","Casa Boher Malbec Agrelo"
"17853","alcohol","TERRAZAS Reserva Malbec 6x75cl"
"17854","alcohol","TERRAZAS Reserva Chardonnay"
"17864","alcohol","TERRAZAS Grand Malbec 2021 75cl"
"17865","alcohol","TERRAZAS Grand Chardonnay 2022 75cl"
"32765","alcohol","ESCORIHUELA GASCON GRAN RESERVA CABERNET SAUVIGNON x6"
"33497","alcohol","CHANDON Delice Rose 750ml Caja x6"
"42302","alcohol","WHISKY JOHNNIE WALKER BLUE LABEL 750ML"
"42306","alcohol","WHISKY JOHNNIE WALKER GREEN LABEL 15 AÑOS 750ML"
"42310","alcohol","WHISKY JOHNNIE WALKER DOUBLE BLACK 750ML"
"42311","alcohol","WHISKY JOHNNIE WALKER BLACK LABEL 1L + BOLSA REGALO EXCLUSIVA"
"42312","alcohol","VINO TRAPICHE ISCAYC SYRAH Y VIOGNIER 750ML"
"42315","alcohol","WHISKY JOHNNIE WALKER BLUE LABEL + BOLSA REGALO EXCLUSIVA"
"42324","alcohol","BOX VINO GRAN MASCOTA MALBEC 750ML"
"42337","alcohol","BOX VINO GRAN MEDALLA CABERNET SAUVIGNON 750ML"
"42343","alcohol","BOX VINO LA MASCOTA MALBEC 750ML"
"42353","alcohol","COLECCION WHISKY JOHNNIE WALKER"
"42361","alcohol","BOX VINO DEMENCIAL BLANC DE BLANC 750ML"
"42385","alcohol","BOX VINO UNANIME TINTO 750ML"
"42394","alcohol","BOX VINO TRAPICHE MEDALLA MALBEC 750ML"
"42399","alcohol","VINO ISCAY MALBEC CABERNET FRANC 750ML"
"43145","alcohol","WHISKY J. WALKER ET. AZUL ICE CHALET 750 CC"
"43156","cuchillo","Cuchillo De Asado Tramontina Mesa Dynamic X 12 Unidades"
"43174","cuchillo","Cuchillo Wayu Hammer Blade Knife Martillado Acero Inoxidable"
"43217","cuchillo","Set Cuchillo Tenedor Tabla Wayu Asado Parrilla Acero Inox"
"43219","cuchillo","Set Cuchillos Prm Wayu 6 Piezas Acero Inoxodable"
"43221","cuchillo","Set Cuchillos Y Tenedores Wayu Prm 8 Piezas Acero Inoxidable"
"43949","alcohol","WHISKY CUTTY SARK + GRANTS TRIPLE WOOD + SIR EDWARDS"
"43954","alcohol","ESPUMANTE LUIGI BOSCA BRUT NATURE 750ML CAJA X6"
"43976","alcohol","VINO LUIGI BOSCA CABERNET SAUVIGNON 750ML CAJA X6"
"43977","alcohol","GIN MALFY ORIGINAL 700ML"
"43980","alcohol","VINO KAIKEN ULTRA MALBEC 750 CC X6"
"43981","alcohol","VINO KAIKEN ULTRA PINOT NOIR 750ML X6"
"43989","alcohol","VINO KAIKEN DISOBEDIENCE FM RED BLEND 750ML X6"
"43991","alcohol","GIN MALFY ORIGINAL + MALFY CON LIMONE 700ML"
"43996","alcohol","VINO LUIGI BOSCA DE SANGRE MALBEC VALLE DE UCO 750ML X6"
"44017","alcohol","BOX VINO KAIKEN DEGUSTACION AVENTURA MALBEC X3"
"44029","alcohol","VINO RUTINI CABERNET MALBEC + VINO LUIGI BOSCA MALBEC 750 X4"
"44039","alcohol","VINO LUIGI BOSCA PINOT NOIR 750ML CAJA X6"
"44043","alcohol","VINO STRADIVARIUS PORTO DE MAGOAS 750ML CAJA X6"